{
  "project_info": {
    "project_number": "526302224189",
    "project_id": "mobiledevelopmentproject-d9c6a",
    "storage_bucket": "mobiledevelopmentproject-d9c6a.appspot.com"
  },
  "client": [
    {
      "client_info": {
        "mobilesdk_app_id": "1:526302224189:android:b808d67f241feb8efaef54",
        "android_client_info": {
          "package_name": "com.example.mobiledevelopmentproject"
        }
      },
      "oauth_client": [
        {
          "client_id": "526302224189-s6f2spcmurv1ument8m5pt7sv2boi2or.apps.googleusercontent.com",
          "client_type": 1,
          "android_info": {
            "package_name": "com.example.mobiledevelopmentproject",
            "certificate_hash": "66d424fa2dccc9dced4f07ea5c17b7081a1bc564"
          }
        },
        {
          "client_id": "526302224189-g8t384cl6dsk0128p5r9ovvrmshemi9s.apps.googleusercontent.com",
          "client_type": 3
        }
      ],
      "api_key": [
        {
          "current_key": "AIzaSyBRu3nWxRYGpUTqBGO1sdrNgAK98zBP68I"
        }
      ],
      "services": {
        "appinvite_service": {
          "other_platform_oauth_client": [
            {
              "client_id": "526302224189-g8t384cl6dsk0128p5r9ovvrmshemi9s.apps.googleusercontent.com",
              "client_type": 3
            }
          ]
        }
      }
    }
  ],
  "configuration_version": "1"
}